structure,workload,n,insert_ms,search_ms
BST,uniform,1000,0.172034,0.131837
BST,sorted,1000,8.35657,6.85717
BST,reverse,1000,6.96587,7.00872
BST,uniform,5000,0.829064,0.824574
BST,sorted,5000,217.074,215.2
BST,reverse,5000,221.86,211.47
BST,uniform,10000,2.23806,2.13091
BST,sorted,10000,914.531,923.155
BST,reverse,10000,981.751,914.003
BST,uniform,20000,5.09059,4.48164
BST,sorted,20000,4226.86,4407.16
BST,reverse,20000,4541.11,4293.66
